{
	"epsilon":0.0000000001,
	"width":51,
	"height":51,
	"allGuardsAdded":true,
	"column2row2initialValue":{
		"0":{
			"0":1.0
		}
	},
	"guards":[
		[1,0,11,0,50],
		[1,13,50,0,50],
		[1,12,12,0,41],
		[1,12,12,43,50],
		[0,0,13,0,50],
		[0,15,50,0,50],
		[0,14,14,0,41],
		[0,14,14,43,50],
		[3,0,12,0,50],
		[3,14,50,0,50],
		[3,13,13,0,40],
		[3,13,13,42,50],
		[2,0,12,0,50],
		[2,14,50,0,50],
		[2,13,13,0,42],
		[2,13,13,44,50],
		[0,14,14,42,42],
		[1,12,12,42,42],
		[3,13,13,41,41],
		[2,13,13,43,43]
	],
	"commands":[
		[0.0,0.0,0.0,0.000001],
		[0.0,0.0,0.0,0.000001],
		[0.0,0.0,0.0,0.000001],
		[0.0,0.0,0.0,0.000001],
		[0.0,0.0,0.0,0.000001],
		[0.0,0.0,0.0,0.000001],
		[0.0,0.0,0.0,0.000001],
		[0.0,0.0,0.0,0.000001],
		[0.0,0.0,0.0,0.0700],
		[0.0,0.0,0.0,0.0700],
		[0.0,0.0,0.0,0.0700],
		[0.0,0.0,0.0,0.0700],
		[0.0,0.0,0.0,0.0700],
		[0.0,0.0,0.0,0.0700],
		[0.0,0.0,0.0,0.0700],
		[0.0,0.0,0.0,0.0700],
		[0.0,0.0,0.000001,0.0],
		[0.0,0.0,0.000001,0.0],
		[0.0,0.0700,0.0,0.0],
		[0.0,0.0700,0.0,0.0]
	]
}
